Обозначение;Номинал / тип;Корпус (посадочное место);Кол-во;Что купить (строка перечня программы);Ссылка магазина
A1;Blue Pill STM32F103C6T6;BLUEPILL_2x20;1;Плата STM32F103C6T6 (Blue Pill HW-267);https://magazin-elektronika.ru/73-84-23
A2;HC-06;HDR_1x6;1;Bluetooth-модуль HC-06;https://magazin-elektronika.ru/78-00-66
A5;LM2596S, 5,00 В;LM2596_MODULE;1;DC-DC модуль LM2596S (4–40 В → 5 В, 2 А);https://magazin-elektronika.ru/78-96-44
C1;470 мкФ × 25 В;CP_D8_P3.5;1;Конденсатор 470 мкФ × 25 В;https://magazin-elektronika.ru/99-01-97
C2, C16, C17;47 мкФ × 63 В;CP_D6.3_P2.5;3;Конденсатор 47 мкФ × 63 В;https://magazin-elektronika.ru/99-02-36
C3, C4, C5, C6, C7, C8, C9;0,1 мкФ;C_DISC_5.08;7;Конденсатор керамический 0,1 мкФ × 50 В;https://magazin-elektronika.ru/99-00-22
C13, C14, C15;1 нФ;C_DISC_5.08;3;Конденсатор керамический 1 нФ × 50 В;
D1;SR560;DO-201AD_15.24;1;Диод Шоттки SR560 (5 А, 60 В);https://magazin-elektronika.ru/99-42-50
D2;SM8S30A;DO-218AB;1;TVS-диод SM8S30A;https://magazin-elektronika.ru/76-06-46
D3, D4, D5;1N4007;DO-41_10.16;3;Диод 1N4007;https://magazin-elektronika.ru/99-43-56
D6, D7, D8, D9, D11;BAR43S;SOT-23;5;Сборка диодов Шоттки BAR43S (SOT-23);https://magazin-elektronika.ru/76-18-88
L1;47 мкГн;CDRH125;1;Дроссель 47 мкГн, 1,8 А (CDRH125);https://magazin-elektronika.ru/75-99-72
Q1, Q2;IRGS14C40L;TO-263-2;2;IGBT зажигания IRGS14C40L (TO-263);https://magazin-elektronika.ru/99-46-03
Q3, Q4, Q5, Q6;AO3400A;SOT-23;4;MOSFET AO3400A (SOT-23);https://magazin-elektronika.ru/73-20-80
Q7, Q8;IRLZ44N;TO-220_V;2;MOSFET IRLZ44N (TO-220);https://magazin-elektronika.ru/99-46-44
Q9;BC547C;TO-92;1;Транзистор BC547C;https://magazin-elektronika.ru/99-52-75
R1, R4, R14, R15, R18, R20, R25, R29, R37, R38;10 кОм;R_AXIAL_10.16;10;Резисторы 0,25 Вт: 91 Ом, 100 Ом, 330 Ом, 470 Ом, 1 кОм, 2,4 кОм, 4,7 кОм, 10 кОм, 20 кОм, 47 кОм, 100 кОм;https://magazin-elektronika.ru/elektronnye-komponenty/rezistory-13
R2, R5;20 кОм;R_AXIAL_10.16;2;Резисторы 0,25 Вт: 91 Ом, 100 Ом, 330 Ом, 470 Ом, 1 кОм, 2,4 кОм, 4,7 кОм, 10 кОм, 20 кОм, 47 кОм, 100 кОм;https://magazin-elektronika.ru/elektronnye-komponenty/rezistory-13
R3, R6, R9, R12, R17, R19, R21, R22, R23, R26, R30, R36;1 кОм;R_AXIAL_10.16;12;Резисторы 0,25 Вт: 91 Ом, 100 Ом, 330 Ом, 470 Ом, 1 кОм, 2,4 кОм, 4,7 кОм, 10 кОм, 20 кОм, 47 кОм, 100 кОм;https://magazin-elektronika.ru/elektronnye-komponenty/rezistory-13
R7, R10;2,4 кОм;R_AXIAL_10.16;2;Резисторы 0,25 Вт: 91 Ом, 100 Ом, 330 Ом, 470 Ом, 1 кОм, 2,4 кОм, 4,7 кОм, 10 кОм, 20 кОм, 47 кОм, 100 кОм;https://magazin-elektronika.ru/elektronnye-komponenty/rezistory-13
R8, R11;91 Ом;R_AXIAL_10.16;2;Резисторы 0,25 Вт: 91 Ом, 100 Ом, 330 Ом, 470 Ом, 1 кОм, 2,4 кОм, 4,7 кОм, 10 кОм, 20 кОм, 47 кОм, 100 кОм;https://magazin-elektronika.ru/elektronnye-komponenty/rezistory-13
R13;47 кОм;R_AXIAL_10.16;1;Резисторы 0,25 Вт: 91 Ом, 100 Ом, 330 Ом, 470 Ом, 1 кОм, 2,4 кОм, 4,7 кОм, 10 кОм, 20 кОм, 47 кОм, 100 кОм;https://magazin-elektronika.ru/elektronnye-komponenty/rezistory-13
R16;4,7 кОм;R_AXIAL_10.16;1;Резисторы 0,25 Вт: 91 Ом, 100 Ом, 330 Ом, 470 Ом, 1 кОм, 2,4 кОм, 4,7 кОм, 10 кОм, 20 кОм, 47 кОм, 100 кОм;https://magazin-elektronika.ru/elektronnye-komponenty/rezistory-13
R24, R28;330 Ом;R_AXIAL_10.16;2;Резисторы 0,25 Вт: 91 Ом, 100 Ом, 330 Ом, 470 Ом, 1 кОм, 2,4 кОм, 4,7 кОм, 10 кОм, 20 кОм, 47 кОм, 100 кОм;https://magazin-elektronika.ru/elektronnye-komponenty/rezistory-13
R27, R31;470 Ом;R_AXIAL_10.16;2;Резисторы 0,25 Вт: 91 Ом, 100 Ом, 330 Ом, 470 Ом, 1 кОм, 2,4 кОм, 4,7 кОм, 10 кОм, 20 кОм, 47 кОм, 100 кОм;https://magazin-elektronika.ru/elektronnye-komponenty/rezistory-13
R32, R34;100 Ом;R_AXIAL_10.16;2;Резисторы 0,25 Вт: 91 Ом, 100 Ом, 330 Ом, 470 Ом, 1 кОм, 2,4 кОм, 4,7 кОм, 10 кОм, 20 кОм, 47 кОм, 100 кОм;https://magazin-elektronika.ru/elektronnye-komponenty/rezistory-13
R33, R35;100 кОм;R_AXIAL_10.16;2;Резисторы 0,25 Вт: 91 Ом, 100 Ом, 330 Ом, 470 Ом, 1 кОм, 2,4 кОм, 4,7 кОм, 10 кОм, 20 кОм, 47 кОм, 100 кОм;https://magazin-elektronika.ru/elektronnye-komponenty/rezistory-13
U3;L293DD;SO-20W;1;Драйвер L293DD (SO-20);https://magazin-elektronika.ru/99-86-61
X1, X10, X11, X12, X13, X14;Клеммник 2 конт.;TERM_5.08_2;6;Клеммник разъёмный 5,08 мм 2 контакта;https://magazin-elektronika.ru/98-19-50
X2, X3, X7;JST XH 3 конт.;JST_XH_3;3;Набор разъёмов JST XH 2,54 (2–5 контактов);https://magazin-elektronika.ru/74-68-09
X4, X5, X6, X8, X9;JST XH 2 конт.;JST_XH_2;5;Набор разъёмов JST XH 2,54 (2–5 контактов);https://magazin-elektronika.ru/74-68-09
X15;Клеммник 4 конт. 5,08 (на схеме — JST XH 4 конт.);TERM_5.08_4;1;Клеммник разъёмный 5,08 мм — 2 шт. по 2 контакта или один на 4;
X16;JST XH 4 конт. (USB-UART A3);JST_XH_4;1;Набор разъёмов JST XH 2,54 (2–5 контактов);
XF1;Клеммник 2 конт. к держателю F1 (2 А);TERM_5.08_2R;1;Клеммник разъёмный 5,08 мм 2 контакта;
XF2;Клеммник 2 конт. к держателю F2 (10 А);TERM_5.08_2R;1;Клеммник разъёмный 5,08 мм 2 контакта;
—;Гнездо PBS-1x20 под A1;в посадочном месте A1;2;Гнездо PBS-1x20 (или 2 × 1x10), 2,54 мм;https://magazin-elektronika.ru/74-61-86
—;Гнездо PBS-1x6 под A2 (HC-06);HDR_1x6;1;из линейки PBS, 2,54 мм;
—;Стойки М3 для модуля A5 и крепежа платы;;6;;
