ref;pin;x_mm;y_mm;type;net
A1;JL1;106.2600;64.8000;TH;
A1;JR1;106.2600;49.5600;TH;V33
A1;JL2;103.7200;64.8000;TH;PC13
A1;JR2;103.7200;49.5600;TH;GND
A1;JL3;101.1800;64.8000;TH;
A1;JR3;101.1800;49.5600;TH;V5
A1;JL4;98.6400;64.8000;TH;
A1;JR4;98.6400;49.5600;TH;PB9
A1;JL5;96.1000;64.8000;TH;PA0
A1;JR5;96.1000;49.5600;TH;PB8
A1;JL6;93.5600;64.8000;TH;PA1
A1;JR6;93.5600;49.5600;TH;PB7
A1;JL7;91.0200;64.8000;TH;
A1;JR7;91.0200;49.5600;TH;PB6
A1;JL8;88.4800;64.8000;TH;
A1;JR8;88.4800;49.5600;TH;PB5
A1;JL9;85.9400;64.8000;TH;PA4
A1;JR9;85.9400;49.5600;TH;
A1;JL10;83.4000;64.8000;TH;PA5
A1;JR10;83.4000;49.5600;TH;
A1;JL11;80.8600;64.8000;TH;PA6
A1;JR11;80.8600;49.5600;TH;
A1;JL12;78.3200;64.8000;TH;PA7
A1;JR12;78.3200;49.5600;TH;
A1;JL13;75.7800;64.8000;TH;PB0
A1;JR13;75.7800;49.5600;TH;
A1;JL14;73.2400;64.8000;TH;PB1
A1;JR14;73.2400;49.5600;TH;PA10
A1;JL15;70.7000;64.8000;TH;PB10
A1;JR15;70.7000;49.5600;TH;PA9
A1;JL16;68.1600;64.8000;TH;PB11
A1;JR16;68.1600;49.5600;TH;PA8
A1;JL17;65.6200;64.8000;TH;
A1;JR17;65.6200;49.5600;TH;PB15
A1;JL18;63.0800;64.8000;TH;V33
A1;JR18;63.0800;49.5600;TH;PB14
A1;JL19;60.5400;64.8000;TH;GND
A1;JR19;60.5400;49.5600;TH;PB13
A1;JL20;58.0000;64.8000;TH;GND
A1;JR20;58.0000;49.5600;TH;PB12
A5;1;9.5000;24.5000;TH;V12
A5;2;19.5000;24.5000;TH;GND
A5;3;9.5000;63.5000;TH;V5
A5;4;19.5000;63.5000;TH;GND
A2;1;4.5000;89.0000;TH;PB14
A2;2;4.5000;86.4600;TH;PA9_A2
A2;3;4.5000;83.9200;TH;PA10_A2
A2;4;4.5000;81.3800;TH;GND
A2;5;4.5000;78.8400;TH;V5
A2;6;4.5000;76.3000;TH;
X16;1;10.5000;95.5000;TH;GND
X16;2;13.0000;95.5000;TH;PA9
X16;3;15.5000;95.5000;TH;PA10
X16;4;18.0000;95.5000;TH;
R22;1;8.9200;88.5000;TH;PA9
R22;2;19.0800;88.5000;TH;PA9_A2
R23;1;8.9200;85.5000;TH;PA10
R23;2;19.0800;85.5000;TH;PA10_A2
C16;1;23.2500;87.0000;TH;V5
C16;2;25.7500;87.0000;TH;GND
XF1;2;18.0800;7.0000;TH;N_D1_A
XF1;1;23.1600;7.0000;TH;BAT
XF2;2;28.2400;7.0000;TH;F2
XF2;1;33.3200;7.0000;TH;BAT
X1;1;38.4000;7.0000;TH;BAT
X1;2;43.4800;7.0000;TH;GND
D1;1;30.0000;37.1200;TH;V12
D1;2;30.0000;21.8800;TH;N_D1_A
D2;2;38.4000;50.8000;SMD_TOP;GND
D2;1;38.4000;60.0000;SMD_TOP;V12
D2;2;38.4000;41.5700;TH;GND
D2;1;38.4000;64.4300;TH;V12
C1;1;7.2500;16.0000;TH;V12
C1;2;10.7500;16.0000;TH;GND
L1;1;117.0000;54.0000;SMD_TOP;V5
L1;2;127.0000;54.0000;SMD_TOP;V5S
C2;1;134.2500;60.0000;TH;V5S
C2;2;136.7500;60.0000;TH;GND
X10;1;48.5600;7.0000;TH;F2
X10;2;53.6400;7.0000;TH;COIL1
X11;1;66.3400;7.0000;TH;F2
X11;2;71.4200;7.0000;TH;COIL2
Q1;2;53.6400;18.0000;SMD_TOP;COIL1
Q1;1;56.1800;27.4500;SMD_TOP;G1
Q1;3;51.1000;27.4500;SMD_TOP;GND
Q2;2;71.4200;18.0000;SMD_TOP;COIL2
Q2;1;73.9600;27.4500;SMD_TOP;G2
Q2;3;68.8800;27.4500;SMD_TOP;GND
R24;1;46.9200;44.3000;TH;PB0
R24;2;57.0800;44.3000;TH;N_Q3_1
R25;1;57.0800;41.5000;TH;N_Q3_1
R25;2;46.9200;41.5000;TH;GND
R26;1;46.9200;38.7000;TH;V5
R26;2;57.0800;38.7000;TH;N_Q3_3
R27;1;46.9200;35.9000;TH;V5
R27;2;57.0800;35.9000;TH;G1
Q3;1;60.2500;42.9500;SMD_TOP;N_Q3_1
Q3;2;60.2500;41.0500;SMD_TOP;GND
Q3;3;62.3500;42.0000;SMD_TOP;N_Q3_3
Q4;1;60.2500;37.9500;SMD_TOP;N_Q3_3
Q4;2;60.2500;36.0500;SMD_TOP;GND
Q4;3;62.3500;37.0000;SMD_TOP;G1
R28;1;65.4200;44.3000;TH;PB1
R28;2;75.5800;44.3000;TH;N_Q5_1
R29;1;75.5800;41.5000;TH;N_Q5_1
R29;2;65.4200;41.5000;TH;GND
R30;1;65.4200;38.7000;TH;V5
R30;2;75.5800;38.7000;TH;N_Q5_3
R31;1;65.4200;35.9000;TH;V5
R31;2;75.5800;35.9000;TH;G2
Q5;1;78.7500;42.9500;SMD_TOP;N_Q5_1
Q5;2;78.7500;41.0500;SMD_TOP;GND
Q5;3;80.8500;42.0000;SMD_TOP;N_Q5_3
Q6;1;78.7500;37.9500;SMD_TOP;N_Q5_3
Q6;2;78.7500;36.0500;SMD_TOP;GND
Q6;3;80.8500;37.0000;SMD_TOP;G2
X12;1;81.5800;7.0000;TH;F2
X12;2;86.6600;7.0000;TH;INJ
Q7;1;86.6600;22.0000;TH;N_Q7_1
Q7;2;89.2000;22.0000;TH;INJ
Q7;3;91.7400;22.0000;TH;GND
D3;1;81.5800;13.0000;TH;F2
D3;2;81.5800;23.1600;TH;INJ
R32;1;82.9200;44.3000;TH;PB10
R32;2;93.0800;44.3000;TH;N_Q7_1
R33;1;93.0800;41.5000;TH;N_Q7_1
R33;2;82.9200;41.5000;TH;GND
X14;1;96.8200;7.0000;TH;F2
X14;2;101.9000;7.0000;TH;HEAT
Q8;1;101.9000;22.0000;TH;N_Q8_1
Q8;2;104.4400;22.0000;TH;HEAT
Q8;3;106.9800;22.0000;TH;GND
D4;1;96.8200;13.0000;TH;F2
D4;2;96.8200;23.1600;TH;HEAT
R34;1;96.4200;44.3000;TH;PB15
R34;2;106.5800;44.3000;TH;N_Q8_1
R35;1;106.5800;41.5000;TH;N_Q8_1
R35;2;96.4200;41.5000;TH;GND
X13;1;112.0600;7.0000;TH;F2
X13;2;117.1400;7.0000;TH;RELAY
Q9;1;115.6600;18.5000;TH;RELAY
Q9;2;118.2000;18.5000;TH;N_Q9_2
Q9;3;120.7400;18.5000;TH;GND
D5;1;112.0600;13.0000;TH;F2
D5;2;112.0600;23.1600;TH;RELAY
R36;1;110.5200;29.5000;TH;PB11
R36;2;120.6800;29.5000;TH;N_Q9_2
R37;1;120.6800;26.7000;TH;N_Q9_2
R37;2;110.5200;26.7000;TH;GND
X15;1;122.2200;7.0000;TH;IAC_A1
X15;2;127.3000;7.0000;TH;IAC_A2
X15;3;132.3800;7.0000;TH;IAC_B1
X15;4;137.4600;7.0000;TH;IAC_B2
U3;1;125.3500;33.7150;SMD_TOP;PA8
U3;2;125.3500;32.4450;SMD_TOP;PB6
U3;3;125.3500;31.1750;SMD_TOP;IAC_A1
U3;4;125.3500;29.9050;SMD_TOP;GND
U3;5;125.3500;28.6350;SMD_TOP;GND
U3;6;125.3500;27.3650;SMD_TOP;GND
U3;7;125.3500;26.0950;SMD_TOP;GND
U3;8;125.3500;24.8250;SMD_TOP;IAC_A2
U3;9;125.3500;23.5550;SMD_TOP;PB7
U3;10;125.3500;22.2850;SMD_TOP;V12
U3;11;134.6500;22.2850;SMD_TOP;PA8
U3;12;134.6500;23.5550;SMD_TOP;PB8
U3;13;134.6500;24.8250;SMD_TOP;IAC_B1
U3;14;134.6500;26.0950;SMD_TOP;GND
U3;15;134.6500;27.3650;SMD_TOP;GND
U3;16;134.6500;28.6350;SMD_TOP;GND
U3;17;134.6500;29.9050;SMD_TOP;GND
U3;18;134.6500;31.1750;SMD_TOP;IAC_B2
U3;19;134.6500;32.4450;SMD_TOP;PB9
U3;20;134.6500;33.7150;SMD_TOP;V5
C9;1;130.9600;37.5000;TH;V5
C9;2;136.0400;37.5000;TH;GND
C17;1;126.7500;16.0000;TH;V12
C17;2;124.2500;16.0000;TH;GND
X8;1;38.0000;95.5000;TH;PB13_X8
X8;2;40.5000;95.5000;TH;GND
X9;1;47.0000;95.5000;TH;PB12_X9
X9;2;49.5000;95.5000;TH;GND
X6;1;58.0000;95.5000;TH;PA7_X6
X6;2;60.5000;95.5000;TH;GND
X5;1;77.0000;95.5000;TH;PA5_X5
X5;2;79.5000;95.5000;TH;GND
X4;1;87.5000;95.5000;TH;PA4_X4
X4;2;90.0000;95.5000;TH;GND
X3;1;97.0000;95.5000;TH;V5S
X3;2;99.5000;95.5000;TH;MAP_SIG
X3;3;102.0000;95.5000;TH;GND
X2;1;107.5000;95.5000;TH;V5S
X2;2;110.0000;95.5000;TH;TPS_SIG
X2;3;112.5000;95.5000;TH;GND
X7;1;119.0000;95.5000;TH;V5S
X7;2;121.5000;95.5000;TH;PB5_X7
X7;3;124.0000;95.5000;TH;GND
R18;1;37.5000;77.8400;TH;V33
R18;2;37.5000;88.0000;TH;PB13_X8
R19;1;40.5000;88.0000;TH;PB13_X8
R19;2;40.5000;77.8400;TH;PB13
C14;1;36.9600;73.5000;TH;PB13
C14;2;42.0400;73.5000;TH;GND
R20;1;46.5000;77.8400;TH;V33
R20;2;46.5000;88.0000;TH;PB12_X9
R21;1;49.5000;88.0000;TH;PB12_X9
R21;2;49.5000;77.8400;TH;PB12
C15;1;45.9600;73.5000;TH;PB12
C15;2;51.0400;73.5000;TH;GND
R15;1;58.0000;88.0000;TH;PA7_X6
R15;2;58.0000;77.8400;TH;PA7
C8;1;57.4600;73.5000;TH;PA7
C8;2;62.5400;73.5000;TH;GND
D9;1;59.0500;68.3500;SMD_TOP;GND
D9;2;60.9500;68.3500;SMD_TOP;V33
D9;3;60.0000;70.4500;SMD_TOP;PA7
R13;1;67.0000;88.0000;TH;V12
R13;2;67.0000;77.8400;TH;PA6
R14;1;70.0000;77.8400;TH;PA6
R14;2;70.0000;88.0000;TH;GND
C7;1;65.9600;73.5000;TH;PA6
C7;2;71.0400;73.5000;TH;GND
D8;1;67.5500;68.3500;SMD_TOP;GND
D8;2;69.4500;68.3500;SMD_TOP;V33
D8;3;68.5000;70.4500;SMD_TOP;PA6
R10;1;75.5000;88.0000;TH;V33
R10;2;75.5000;77.8400;TH;N_R10_2
R11;1;78.5000;77.8400;TH;N_R10_2
R11;2;78.5000;88.0000;TH;PA5_X5
R12;1;81.5000;88.0000;TH;PA5_X5
R12;2;81.5000;77.8400;TH;PA5
C6;1;76.9600;73.5000;TH;PA5
C6;2;82.0400;73.5000;TH;GND
R7;1;86.0000;88.0000;TH;V33
R7;2;86.0000;77.8400;TH;N_R7_2
R8;1;89.0000;77.8400;TH;N_R7_2
R8;2;89.0000;88.0000;TH;PA4_X4
R9;1;92.0000;88.0000;TH;PA4_X4
R9;2;92.0000;77.8400;TH;PA4
C5;1;87.4600;73.5000;TH;PA4
C5;2;92.5400;73.5000;TH;GND
R4;1;96.5000;88.0000;TH;MAP_SIG
R4;2;96.5000;77.8400;TH;N_R4_2
R5;1;99.5000;77.8400;TH;N_R4_2
R5;2;99.5000;88.0000;TH;GND
R6;1;102.5000;77.8400;TH;N_R4_2
R6;2;102.5000;88.0000;TH;PA1
C4;1;103.0400;73.5000;TH;PA1
C4;2;97.9600;73.5000;TH;GND
D7;1;99.5500;68.3500;SMD_TOP;GND
D7;2;101.4500;68.3500;SMD_TOP;V33
D7;3;100.5000;70.4500;SMD_TOP;PA1
R1;1;107.0000;88.0000;TH;TPS_SIG
R1;2;107.0000;77.8400;TH;N_R1_2
R2;1;110.0000;77.8400;TH;N_R1_2
R2;2;110.0000;88.0000;TH;GND
R3;1;113.0000;77.8400;TH;N_R1_2
R3;2;113.0000;88.0000;TH;PA0
C3;1;113.5400;73.5000;TH;PA0
C3;2;108.4600;73.5000;TH;GND
D6;1;110.0500;68.3500;SMD_TOP;GND
D6;2;111.9500;68.3500;SMD_TOP;V33
D6;3;111.0000;70.4500;SMD_TOP;PA0
R16;1;119.5000;77.8400;TH;V33
R16;2;119.5000;88.0000;TH;PB5_X7
R17;1;122.5000;88.0000;TH;PB5_X7
R17;2;122.5000;77.8400;TH;PB5
C13;1;124.0400;73.5000;TH;PB5
C13;2;118.9600;73.5000;TH;GND
D11;1;120.5500;68.3500;SMD_TOP;GND
D11;2;122.4500;68.3500;SMD_TOP;V33
D11;3;121.5000;70.4500;SMD_TOP;PB5
R38;1;121.5800;65.6000;TH;V33
R38;2;111.4200;65.6000;TH;PC13
