Ref;Value;Package;X_mm;Y_mm;Rotation_deg;Side;"примечание: начало координат — левый нижний угол платы, Y вверх (как в Gerber); поворот против часовой, вид сверху"
D2;SM8S30A;DO-218AB;38.400;53.000;90;top;
D6;BAR43S;SOT-23;111.000;69.400;90;top;
D7;BAR43S;SOT-23;100.500;69.400;90;top;
D8;BAR43S;SOT-23;68.500;69.400;90;top;
D9;BAR43S;SOT-23;60.000;69.400;90;top;
D11;BAR43S;SOT-23;121.500;69.400;90;top;
L1;47 мкГн;CDRH125;122.000;54.000;0;top;
Q1;IRGS14C40L;TO-263-2;53.640;18.000;0;top;
Q2;IRGS14C40L;TO-263-2;71.420;18.000;0;top;
Q3;AO3400A;SOT-23;61.300;42.000;0;top;
Q4;AO3400A;SOT-23;61.300;37.000;0;top;
Q5;AO3400A;SOT-23;79.800;42.000;0;top;
Q6;AO3400A;SOT-23;79.800;37.000;0;top;
U3;L293DD;SO-20W;130.000;28.000;0;top;
